{"cameraMode":{"drawMode":0,"name":"Shaded","section":"Shading Mode"},"sceneLighting":false,"audioPlay":false,"sceneViewState":{"showFog":false,"showMaterialUpdate":false,"showSkybox":false,"showFlares":true,"showImageEffects":false,"showParticleSystems":false},"in2DMode":false,"pivot":{"x":-7.935542106628418,"y":29.908510208129884,"z":-29.95589828491211},"rotation":{"x":0.3700447976589203,"y":0.11025211960077286,"z":-0.04427866265177727,"w":0.9213852286338806},"size":3.369596481323242,"orthographic":false}